{
    "__comment": "Made with TheDestruc7i0n's advancements generator: https://advancements.thedestruc7i0n.ca",
    "display": {
        "title": {
            "text": "Leaf Shield",
            "color": "light_green",
            "italic": true
        },
        "description": {
            "text": "<abilities locked> equip bonus: absorption ability 1"
        },
        "icon": {
            "item": "minecraft:shield",
            "nbt": "{CustomModelData:369002}"
        },
        "frame": "challenge",
        "show_toast": true,
        "announce_to_chat": false,
        "hidden": false
    },
    "criteria": {
        "skillone": {
            "trigger": "minecraft:impossible"
        }
    },
    "parent": "shield_hero:shields/rope"
}
