{
    "__comment": "Made with TheDestruc7i0n's advancements generator: https://advancements.thedestruc7i0n.ca",
    "display": {
        "title": {
            "text": "Siderite Shield",
            "color": "dark_aqua",
            "italic": true
        },
        "description": {
            "text": "<abilities locked> equip bonus: skill: \"Shooting Star Shield\""
        },
        "icon": {
            "item": "minecraft:shield",
            "nbt": "{CustomModelData:369011}"
        },
        "frame": "challenge",
        "show_toast": true,
        "announce_to_chat": false,
        "hidden": false
    },
    "criteria": {
        "skillone": {
            "trigger": "minecraft:impossible"
        }
    },
    "parent": "shield_hero:shields/portal"
}
