{
    "__comment": "Made with TheDestruc7i0n's advancements generator: https://advancements.thedestruc7i0n.ca",
    "display": {
        "title": {
            "text": "Pipe Shield",
            "color": "gray",
            "italic": true
        },
        "description": {
            "text": "<abilities locked> equip bonus: skill: \"Shield Prison\""
        },
        "icon": {
            "item": "minecraft:shield",
            "nbt": "{CustomModelData:369005}"
        },
        "frame": "challenge",
        "show_toast": true,
        "announce_to_chat": false,
        "hidden": false
    },
    "criteria": {
        "skillone": {
            "trigger": "minecraft:impossible"
        }
    },
    "parent": "shield_hero:root"
}
