{
    "__comment": "Made with TheDestruc7i0n's advancements generator: https://advancements.thedestruc7i0n.ca",
    "display": {
        "title": {
            "text": "Shield Of Wrath",
            "color": "dark_red",
            "italic": true
        },
        "description": {
            "text": "<abilities locked> equip bonus: skill: \"Change Shield (attack),\" \"Iron Maiden\" and \"Blood Sacrifice\" equip effect: dark curse burning, strength up, dragon rage, roar, familial violence, magic sharing, robe of rage (medium)"
        },
        "icon": {
            "item": "minecraft:shield",
            "nbt": "{CustomModelData:369009}"
        },
        "frame": "challenge",
        "show_toast": true,
        "announce_to_chat": false,
        "hidden": false,
        "background": "minecraft:textures/block/black_glazed_terracotta.png"
    },
    "criteria": {
        "skillone": {
            "trigger": "minecraft:impossible"
        }
    }
}
